                  epoch,         train/box_loss,         train/seg_loss,         train/cls_loss,         train/dfl_loss,   metrics/precision(B),      metrics/recall(B),       metrics/mAP50(B),    metrics/mAP50-95(B),   metrics/precision(M),      metrics/recall(M),       metrics/mAP50(M),    metrics/mAP50-95(M),           val/box_loss,           val/seg_loss,           val/cls_loss,           val/dfl_loss,                 lr/pg0,                 lr/pg1,                 lr/pg2
                      1,                 2.5894,                  5.323,                 3.8101,                 2.1594,                0.00404,                0.19048,                 0.0707,                0.03946,                      0,                      0,                      0,                      0,                 3.0523,                 6.0648,                 3.9227,                 2.7276,                      0,                      0,                      0
                      2,                 2.5602,                 5.3449,                 3.8826,                 2.1211,                0.00402,                0.19048,                0.06398,                0.03549,                      0,                      0,                      0,                      0,                 3.0566,                 6.0286,                 3.9156,                 2.7286,             1.4177e-05,             1.4177e-05,             1.4177e-05
                      3,                 2.6709,                 5.4211,                 3.8561,                  2.178,                  0.004,                0.19048,                0.05532,                 0.0316,                      0,                      0,                      0,                      0,                  3.058,                 5.9779,                 3.9116,                 2.7306,             2.8127e-05,             2.8127e-05,             2.8127e-05
                      4,                 2.6258,                 5.5154,                  3.781,                 2.1781,                0.00404,                0.19048,                 0.0537,                0.03109,                      0,                      0,                      0,                      0,                 3.0583,                  5.931,                 3.9107,                 2.7291,             4.1851e-05,             4.1851e-05,             4.1851e-05
                      5,                 2.4963,                 5.1392,                 3.8004,                 2.2803,                 0.0041,                0.19048,                0.05257,                0.03106,                      0,                      0,                      0,                      0,                 3.0554,                 5.8933,                 3.9069,                 2.7302,             5.5349e-05,             5.5349e-05,             5.5349e-05
                      6,                 2.7619,                 5.3348,                 3.7914,                 2.2689,                0.99398,                 0.1746,                0.19699,                0.14784,                0.05985,                0.04858,                0.01512,                0.00257,                 2.7013,                 4.0941,                 3.1241,                 2.4532,             6.8621e-05,             6.8621e-05,             6.8621e-05
                      7,                 2.2897,                 4.1792,                 3.1081,                 1.9458,                0.89109,                0.19048,                0.22617,                0.14284,                0.79735,                0.11111,                0.06986,                0.01456,                 2.3151,                 3.8031,                 3.6993,                 2.1168,             8.1666e-05,             8.1666e-05,             8.1666e-05
                      8,                 1.9794,                 3.5256,                 2.4502,                 1.7114,                0.53648,                0.24828,                 0.2117,                0.14522,                0.87179,                0.12698,                0.11424,                0.04529,                 2.1162,                 3.8615,                 7.7955,                 1.9122,             9.4484e-05,             9.4484e-05,             9.4484e-05
                      9,                  1.965,                 3.2623,                 2.3859,                 1.6993,                0.72833,                0.25066,                0.26704,                0.16956,                0.37367,                0.08859,                0.02811,                0.01039,                 2.0431,                 3.7208,                 5.3104,                 1.8242,             0.00010708,             0.00010708,             0.00010708
                     10,                 1.7106,                 2.9167,                 1.8433,                 1.4376,                0.73513,                 0.2642,                0.31868,                0.20193,                0.45124,                0.12565,                0.06578,                0.02242,                 1.9367,                 3.4421,                  3.809,                 1.7024,             0.00011944,             0.00011944,             0.00011944
                     11,                 1.7108,                 2.7852,                 1.7136,                 1.4271,                0.66558,                0.28971,                0.31779,                0.19699,                0.12102,                0.14249,                0.07478,                0.02461,                 1.8518,                 3.2825,                 4.5428,                 1.6035,             0.00013158,             0.00013158,             0.00013158
                     12,                 1.6422,                 2.6087,                 1.6123,                 1.3959,                0.32749,                0.31607,                0.31988,                0.20662,                0.18171,                0.19204,                0.10623,                0.03733,                 1.8428,                 3.1523,                 3.2983,                 1.5785,              0.0001435,              0.0001435,              0.0001435
                     13,                 1.5746,                 2.4348,                 1.4201,                 1.2993,                0.33033,                0.28971,                0.31529,                 0.2006,                0.18947,                0.24151,                0.18574,                0.05888,                 1.7439,                  2.963,                 3.2642,                 1.5234,             0.00015518,             0.00015518,             0.00015518
                     14,                 1.5353,                 2.3249,                 1.3287,                 1.2801,                0.26596,                0.38453,                0.33595,                0.21231,                0.20667,                0.29934,                0.21331,                0.07108,                 1.7298,                  2.681,                 3.3365,                 1.4811,             0.00016664,             0.00016664,             0.00016664
                     15,                 1.4312,                 2.0585,                 1.3178,                 1.2684,                 0.3287,                0.45111,                0.39512,                0.26161,                 0.3041,                0.40292,                0.33013,                0.12253,                 1.7189,                 2.5465,                 3.1341,                 1.4673,             0.00017788,             0.00017788,             0.00017788
                     16,                 1.4532,                 2.1588,                 1.2818,                 1.2527,                0.53193,                0.46058,                 0.4225,                0.29169,                0.49559,                0.42226,                0.36196,                 0.1434,                 1.6424,                 2.5246,                 3.2612,                 1.4289,             0.00018889,             0.00018889,             0.00018889
                     17,                 1.3963,                 2.0519,                 1.2666,                 1.1917,                0.50008,                0.43231,                0.40276,                0.26053,                0.42163,                0.34809,                0.28498,                0.11328,                 1.5537,                 2.7299,                 3.6284,                 1.3847,             0.00019967,             0.00019967,             0.00019967
                     18,                 1.2926,                 1.9344,                 1.1747,                 1.1977,                0.50008,                0.43231,                0.40276,                0.26053,                0.42163,                0.34809,                0.28498,                0.11328,                 1.5537,                 2.7299,                 3.6284,                 1.3847,             0.00021022,             0.00021022,             0.00021022
                     19,                 1.3639,                 1.8742,                 1.1808,                 1.1966,                0.61748,                0.52776,                0.49916,                0.34189,                0.53895,                0.42234,                0.37095,                0.17165,                 1.4352,                 2.8749,                 4.4122,                  1.315,             0.00022055,             0.00022055,             0.00022055
                     20,                 1.3228,                 1.8815,                 1.1108,                 1.1641,                0.61748,                0.52776,                0.49916,                0.34189,                0.53895,                0.42234,                0.37095,                0.17165,                 1.4352,                 2.8749,                 4.4122,                  1.315,             0.00023065,             0.00023065,             0.00023065
                     21,                  1.392,                  1.988,                 1.3058,                 1.2374,                0.63101,                 0.4968,                0.53915,                0.35748,                0.58864,                0.45023,                 0.4426,                0.18866,                 1.4037,                 2.6797,                 3.2599,                 1.2809,             0.00024053,             0.00024053,             0.00024053
                     22,                 1.1975,                 1.6469,                 1.0777,                  1.125,                0.63101,                 0.4968,                0.53915,                0.35748,                0.58864,                0.45023,                 0.4426,                0.18866,                 1.4037,                 2.6797,                 3.2599,                 1.2809,             0.00025018,             0.00025018,             0.00025018
                     23,                 1.2585,                  1.813,                 1.0833,                  1.136,                0.64926,                0.53957,                0.53045,                0.35437,                0.57204,                0.44349,                0.34225,                0.16252,                 1.3822,                 2.7424,                 2.7917,                 1.2798,              0.0002596,              0.0002596,              0.0002596
                     24,                 1.2906,                  1.812,                  1.061,                 1.1414,                0.64926,                0.53957,                0.53045,                0.35437,                0.57204,                0.44349,                0.34225,                0.16252,                 1.3822,                 2.7424,                 2.7917,                 1.2798,              0.0002688,              0.0002688,              0.0002688
                     25,                  1.176,                 1.6836,                0.98652,                 1.1182,                0.75192,                 0.5497,                0.63494,                0.43213,                0.68676,                0.48389,                0.47022,                0.20367,                 1.2544,                 2.7302,                 2.5615,                  1.208,             0.00027777,             0.00027777,             0.00027777
                     26,                 1.2447,                 1.8126,                 1.0387,                 1.0918,                0.75192,                 0.5497,                0.63494,                0.43213,                0.68676,                0.48389,                0.47022,                0.20367,                 1.2544,                 2.7302,                 2.5615,                  1.208,             0.00028651,             0.00028651,             0.00028651
                     27,                   1.23,                  1.773,                0.96894,                 1.0909,                0.79371,                0.62243,                0.69591,                0.48028,                 0.7182,                0.53977,                0.52048,                  0.215,                  1.239,                 2.3197,                 1.9949,                 1.2054,             0.00029503,             0.00029503,             0.00029503
                     28,                 1.1774,                 1.6743,                 1.0749,                 1.1073,                0.79371,                0.62243,                0.69591,                0.48028,                 0.7182,                0.53977,                0.52048,                  0.215,                  1.239,                 2.3197,                 1.9949,                 1.2054,             0.00030332,             0.00030332,             0.00030332
                     29,                  1.156,                 1.6113,                0.94572,                  1.079,                 0.7382,                0.61213,                0.65283,                0.43954,                0.66711,                 0.4574,                0.46924,                0.20931,                 1.2399,                 2.2048,                  1.646,                 1.1893,             0.00031139,             0.00031139,             0.00031139
                     30,                 1.1348,                 1.6721,                0.97947,                  1.091,                 0.7382,                0.61213,                0.65283,                0.43954,                0.66711,                 0.4574,                0.46924,                0.20931,                 1.2399,                 2.2048,                  1.646,                 1.1893,             0.00031923,             0.00031923,             0.00031923
                     31,                 1.0977,                 1.5766,                0.99011,                   1.07,                0.72173,                  0.615,                0.67275,                0.48165,                0.65061,                0.52931,                 0.5112,                 0.2333,                 1.1799,                 2.2285,                 1.7833,                 1.1544,             0.00032684,             0.00032684,             0.00032684
                     32,                 1.1237,                 1.5286,                0.95177,                 1.0607,                0.72173,                  0.615,                0.67275,                0.48165,                0.65061,                0.52931,                 0.5112,                 0.2333,                 1.1799,                 2.2285,                 1.7833,                 1.1544,             0.00033423,             0.00033423,             0.00033423
                     33,                 1.1183,                 1.6017,                 1.0173,                 1.0951,                0.72721,                0.58418,                0.68828,                0.50297,                0.74327,                 0.5027,                0.56259,                0.29099,                 1.1833,                 2.1001,                 1.6414,                 1.1662,             0.00034139,             0.00034139,             0.00034139
                     34,                  1.088,                 1.4268,                0.89136,                 1.0383,                0.72721,                0.58418,                0.68828,                0.50297,                0.74327,                 0.5027,                0.56259,                0.29099,                 1.1833,                 2.1001,                 1.6414,                 1.1662,             0.00034832,             0.00034832,             0.00034832
                     35,                 1.2228,                 1.6162,                0.98357,                 1.1555,                0.56069,                 0.7132,                0.66877,                 0.4744,                0.50323,                0.66718,                0.58834,                0.31349,                 1.1764,                 2.0406,                 1.7399,                 1.1636,             0.00035503,             0.00035503,             0.00035503
                     36,                 1.0692,                 1.4972,                  0.897,                 1.0489,                0.56069,                 0.7132,                0.66877,                 0.4744,                0.50323,                0.66718,                0.58834,                0.31349,                 1.1764,                 2.0406,                 1.7399,                 1.1636,             0.00036151,             0.00036151,             0.00036151
                     37,                 1.1082,                 1.5049,                  0.926,                 1.0765,                0.67933,                 0.6317,                 0.6265,                0.45192,                0.65755,                0.60289,                 0.5726,                0.31701,                 1.1454,                 1.9935,                 1.9736,                 1.1448,             0.00036776,             0.00036776,             0.00036776
                     38,                 1.0234,                 1.4557,                0.90281,                 1.0531,                0.67933,                 0.6317,                 0.6265,                0.45192,                0.65755,                0.60289,                 0.5726,                0.31701,                 1.1454,                 1.9935,                 1.9736,                 1.1448,             0.00037379,             0.00037379,             0.00037379
                     39,                 1.1072,                 1.4547,                0.86124,                 1.0417,                0.61412,                0.69663,                0.57422,                0.39576,                0.59223,                0.66301,                0.51451,                0.25724,                 1.1234,                 1.9674,                 2.1386,                 1.1187,             0.00037959,             0.00037959,             0.00037959
                     40,                 1.0838,                 1.4036,                0.79277,                 1.0106,                0.61412,                0.69663,                0.57422,                0.39576,                0.59223,                0.66301,                0.51451,                0.25724,                 1.1234,                 1.9674,                 2.1386,                 1.1187,             0.00038517,             0.00038517,             0.00038517
                     41,                 1.0343,                 1.3743,                 0.8136,                 1.0244,                0.80021,                0.62811,                0.70998,                0.52441,                0.76895,                0.59907,                0.64614,                0.35824,                 1.0718,                 1.9481,                 1.5919,                 1.0816,             0.00039052,             0.00039052,             0.00039052
                     42,                 1.0253,                 1.3735,                0.82041,                 1.0053,                0.80021,                0.62811,                0.70998,                0.52441,                0.76895,                0.59907,                0.64614,                0.35824,                 1.0718,                 1.9481,                 1.5919,                 1.0816,             0.00039564,             0.00039564,             0.00039564
                     43,                0.97028,                 1.4272,                0.80219,                 1.0286,                0.87847,                0.66568,                0.74663,                0.56309,                0.83827,                0.63842,                0.68066,                0.38268,                 1.0349,                 1.8006,                 1.2037,                 1.0725,             0.00040054,             0.00040054,             0.00040054
                     44,                 1.0672,                 1.3419,                0.79173,                 1.0282,                0.87847,                0.66568,                0.74663,                0.56309,                0.83827,                0.63842,                0.68066,                0.38268,                 1.0349,                 1.8006,                 1.2037,                 1.0725,             0.00040521,             0.00040521,             0.00040521
                     45,                 1.0041,                 1.3449,                0.77475,                 1.0089,                0.91141,                0.65849,                0.79567,                 0.5986,                0.89038,                0.64004,                0.75474,                0.38786,                 1.0059,                 1.6759,                 1.1249,                 1.0561,             0.00040965,             0.00040965,             0.00040965
                     46,                0.98245,                 1.3476,                0.78862,                 1.0077,                0.91141,                0.65849,                0.79567,                 0.5986,                0.89038,                0.64004,                0.75474,                0.38786,                 1.0059,                 1.6759,                 1.1249,                 1.0561,             0.00041387,             0.00041387,             0.00041387
                     47,                0.97735,                 1.3667,                0.81524,                 1.0058,                0.86943,                0.70993,                0.84576,                0.65062,                0.83673,                0.68199,                0.77474,                0.40142,                 1.0464,                 1.6991,                 1.0351,                  1.069,             0.00041786,             0.00041786,             0.00041786
                     48,                0.96755,                 1.2869,                0.74952,                0.99142,                0.86943,                0.70993,                0.84576,                0.65062,                0.83673,                0.68199,                0.77474,                0.40142,                 1.0464,                 1.6991,                 1.0351,                  1.069,             0.00042162,             0.00042162,             0.00042162
                     49,                 1.0411,                 1.3792,                0.76702,                0.99202,                 0.8075,                0.82481,                0.87307,                0.68489,                0.77452,                 0.7959,                 0.8221,                0.42157,                0.99461,                 1.5762,                 1.0253,                 1.0509,             0.00042516,             0.00042516,             0.00042516
                     50,                0.92243,                 1.3232,                0.70641,                0.98046,                 0.8075,                0.82481,                0.87307,                0.68489,                0.77452,                 0.7959,                 0.8221,                0.42157,                0.99461,                 1.5762,                 1.0253,                 1.0509,             0.00042847,             0.00042847,             0.00042847
                     51,                 0.9214,                 1.2945,                0.75951,                 1.0273,                0.92107,                0.81695,                0.88675,                0.70353,                0.90041,                0.80041,                0.85072,                0.45838,                0.94446,                 1.4277,                0.96046,                 1.0216,             0.00043156,             0.00043156,             0.00043156
                     52,                0.95809,                 1.2647,                0.72233,                 1.0081,                0.92107,                0.81695,                0.88675,                0.70353,                0.90041,                0.80041,                0.85072,                0.45838,                0.94446,                 1.4277,                0.96046,                 1.0216,             0.00043442,             0.00043442,             0.00043442
                     53,                0.98011,                 1.2941,                0.74595,                 1.0095,                0.92107,                0.81695,                0.88675,                0.70353,                0.90041,                0.80041,                0.85072,                0.45838,                0.94446,                 1.4277,                0.96046,                 1.0216,             0.00043705,             0.00043705,             0.00043705
                     54,                0.93967,                  1.198,                 0.7407,                 1.0168,                0.92342,                0.84443,                0.91016,                0.72694,                0.89749,                0.82402,                0.86628,                0.48691,                0.91521,                 1.3997,                 0.8781,                 1.0043,             0.00043946,             0.00043946,             0.00043946
                     55,                 1.0202,                 1.4225,                0.75765,                 1.0022,                0.92342,                0.84443,                0.91016,                0.72694,                0.89749,                0.82402,                0.86628,                0.48691,                0.91521,                 1.3997,                 0.8781,                 1.0043,             0.00044164,             0.00044164,             0.00044164
                     56,                0.93542,                 1.3452,                0.72795,                 0.9939,                0.92342,                0.84443,                0.91016,                0.72694,                0.89749,                0.82402,                0.86628,                0.48691,                0.91521,                 1.3997,                 0.8781,                 1.0043,             0.00044359,             0.00044359,             0.00044359
                     57,                0.91369,                 1.3268,                0.71611,                0.98952,                0.93242,                0.85789,                0.92843,                0.72095,                0.90084,                0.83254,                0.88156,                0.47756,                0.93496,                 1.3418,                0.83362,                0.99439,             0.00044532,             0.00044532,             0.00044532
                     58,                0.87751,                 1.2263,                0.69909,                0.97775,                0.93242,                0.85789,                0.92843,                0.72095,                0.90084,                0.83254,                0.88156,                0.47756,                0.93496,                 1.3418,                0.83362,                0.99439,             0.00044682,             0.00044682,             0.00044682
                     59,                0.99651,                 1.3957,                0.78119,                 1.0107,                0.93242,                0.85789,                0.92843,                0.72095,                0.90084,                0.83254,                0.88156,                0.47756,                0.93496,                 1.3418,                0.83362,                0.99439,             0.00044809,             0.00044809,             0.00044809
                     60,                0.93847,                 1.2521,                0.69504,                0.97908,                0.87732,                0.84423,                0.91337,                0.69047,                0.82874,                 0.7908,                0.83271,                0.43583,                0.88436,                 1.2752,                0.77561,                0.96788,             0.00044914,             0.00044914,             0.00044914
                     61,                0.92258,                 1.1986,                0.67886,                0.96015,                0.87732,                0.84423,                0.91337,                0.69047,                0.82874,                 0.7908,                0.83271,                0.43583,                0.88436,                 1.2752,                0.77561,                0.96788,             0.00044996,             0.00044996,             0.00044996
                     62,                0.91105,                 1.2015,                0.69142,                0.97259,                0.87732,                0.84423,                0.91337,                0.69047,                0.82874,                 0.7908,                0.83271,                0.43583,                0.88436,                 1.2752,                0.77561,                0.96788,             0.00045056,             0.00045056,             0.00045056
                     63,                0.96077,                 1.2745,                0.70795,                0.95884,                0.93464,                0.84372,                0.92681,                0.75991,                0.92266,                0.82352,                0.89729,                0.51333,                0.82534,                 1.1816,                0.68068,                0.95214,             0.00045093,             0.00045093,             0.00045093
                     64,                0.92209,                 1.2764,                0.67007,                0.98366,                0.93464,                0.84372,                0.92681,                0.75991,                0.92266,                0.82352,                0.89729,                0.51333,                0.82534,                 1.1816,                0.68068,                0.95214,             0.00045107,             0.00045107,             0.00045107
                     65,                0.90671,                 1.2404,                0.65189,                0.94167,                0.93464,                0.84372,                0.92681,                0.75991,                0.92266,                0.82352,                0.89729,                0.51333,                0.82534,                 1.1816,                0.68068,                0.95214,             0.00045099,             0.00045099,             0.00045099
                     66,                0.88401,                 1.2459,                0.69658,                 0.9609,                0.90201,                0.87741,                0.91519,                0.73816,                0.87271,                0.85814,                0.88433,                0.53544,                0.82105,                 1.1395,                0.68493,                0.95058,             0.00045068,             0.00045068,             0.00045068
                     67,                0.89117,                 1.1948,                0.69555,                0.98683,                0.90201,                0.87741,                0.91519,                0.73816,                0.87271,                0.85814,                0.88433,                0.53544,                0.82105,                 1.1395,                0.68493,                0.95058,             0.00045014,             0.00045014,             0.00045014
                     68,                 0.9007,                 1.2497,                0.62885,                0.94107,                0.90201,                0.87741,                0.91519,                0.73816,                0.87271,                0.85814,                0.88433,                0.53544,                0.82105,                 1.1395,                0.68493,                0.95058,             0.00044938,             0.00044938,             0.00044938
                     69,                0.94051,                 1.2926,                0.66365,                0.94249,                0.93503,                0.91681,                0.93908,                0.74913,                0.91383,                0.89911,                0.90717,                0.55725,                0.86168,                  1.109,                0.66426,                0.95615,             0.00044839,             0.00044839,             0.00044839
                     70,                0.85665,                 1.1634,                0.61663,                 0.9221,                0.93503,                0.91681,                0.93908,                0.74913,                0.91383,                0.89911,                0.90717,                0.55725,                0.86168,                  1.109,                0.66426,                0.95615,             0.00044718,             0.00044718,             0.00044718
                     71,                0.86033,                 1.1659,                0.59791,                0.93716,                0.93503,                0.91681,                0.93908,                0.74913,                0.91383,                0.89911,                0.90717,                0.55725,                0.86168,                  1.109,                0.66426,                0.95615,             0.00044573,             0.00044573,             0.00044573
                     72,                 0.8598,                 1.2263,                0.62774,                0.94219,                0.90512,                0.92577,                0.93828,                0.76017,                0.88918,                0.91153,                0.91218,                0.57713,                0.81985,                 1.0973,                 0.6267,                0.94862,             0.00044407,             0.00044407,             0.00044407
                     73,                 0.8188,                 1.0345,                0.58815,                0.93396,                0.90512,                0.92577,                0.93828,                0.76017,                0.88918,                0.91153,                0.91218,                0.57713,                0.81985,                 1.0973,                 0.6267,                0.94862,             0.00044217,             0.00044217,             0.00044217
                     74,                 0.8988,                 1.1957,                0.72796,                 1.0201,                0.90512,                0.92577,                0.93828,                0.76017,                0.88918,                0.91153,                0.91218,                0.57713,                0.81985,                 1.0973,                 0.6267,                0.94862,             0.00044005,             0.00044005,             0.00044005
                     75,                0.88108,                 1.1384,                0.66223,                0.96059,                0.96883,                0.90327,                0.94538,                0.79082,                0.95171,                0.88403,                0.91676,                0.59789,                0.75939,                 1.0951,                0.57689,                0.93479,              0.0004377,              0.0004377,              0.0004377
                     76,                0.73519,                 1.0298,                0.56998,                0.92561,                0.96883,                0.90327,                0.94538,                0.79082,                0.95171,                0.88403,                0.91676,                0.59789,                0.75939,                 1.0951,                0.57689,                0.93479,             0.00043513,             0.00043513,             0.00043513
                     77,                0.79029,                 1.1096,                0.62012,                0.95213,                0.96883,                0.90327,                0.94538,                0.79082,                0.95171,                0.88403,                0.91676,                0.59789,                0.75939,                 1.0951,                0.57689,                0.93479,             0.00043233,             0.00043233,             0.00043233
                     78,                0.80173,                 1.1335,                0.60349,                 0.9204,                0.98245,                0.91407,                0.94924,                 0.8115,                0.95864,                0.89489,                 0.9139,                0.59239,                0.75945,                 1.1189,                 0.5606,                0.93465,              0.0004293,              0.0004293,              0.0004293
                     79,                0.75391,                 1.0479,                0.57739,                0.91346,                0.98245,                0.91407,                0.94924,                 0.8115,                0.95864,                0.89489,                 0.9139,                0.59239,                0.75945,                 1.1189,                 0.5606,                0.93465,             0.00042605,             0.00042605,             0.00042605
                     80,                0.86656,                 1.1676,                0.60363,                0.92165,                0.98245,                0.91407,                0.94924,                 0.8115,                0.95864,                0.89489,                 0.9139,                0.59239,                0.75945,                 1.1189,                 0.5606,                0.93465,             0.00042257,             0.00042257,             0.00042257
                     81,                0.78065,                 1.0956,                0.57493,                0.94266,                0.92702,                0.91085,                0.94135,                0.81391,                0.90765,                0.89316,                0.91395,                0.59574,                0.73726,                 1.0463,                0.60104,                0.93081,             0.00041887,             0.00041887,             0.00041887
                     82,                0.76212,                 1.0319,                0.61312,                0.93452,                0.92702,                0.91085,                0.94135,                0.81391,                0.90765,                0.89316,                0.91395,                0.59574,                0.73726,                 1.0463,                0.60104,                0.93081,             0.00041494,             0.00041494,             0.00041494
                     83,                0.79227,                 1.0612,                0.56987,                0.91928,                0.92702,                0.91085,                0.94135,                0.81391,                0.90765,                0.89316,                0.91395,                0.59574,                0.73726,                 1.0463,                0.60104,                0.93081,             0.00041078,             0.00041078,             0.00041078
                     84,                0.81263,                 1.1295,                0.64835,                 0.9623,                0.92975,                 0.9244,                0.94655,                0.82347,                0.90956,                0.90882,                 0.9195,                 0.6426,                0.70465,                0.98999,                0.55161,                0.91276,              0.0004064,              0.0004064,              0.0004064
                     85,                0.75062,                 1.0982,                0.60125,                0.93178,                0.92975,                 0.9244,                0.94655,                0.82347,                0.90956,                0.90882,                 0.9195,                 0.6426,                0.70465,                0.98999,                0.55161,                0.91276,             0.00040178,             0.00040178,             0.00040178
                     86,                0.76343,                0.99128,                0.54219,                0.93159,                0.92975,                 0.9244,                0.94655,                0.82347,                0.90956,                0.90882,                 0.9195,                 0.6426,                0.70465,                0.98999,                0.55161,                0.91276,             0.00039695,             0.00039695,             0.00039695
                     87,                0.80283,                 1.1352,                0.59103,                0.94757,                0.92975,                 0.9244,                0.94655,                0.82347,                0.90956,                0.90882,                 0.9195,                 0.6426,                0.70465,                0.98999,                0.55161,                0.91276,             0.00039188,             0.00039188,             0.00039188
                     88,                 0.7655,                 1.0531,                0.57215,                0.93042,                0.98464,                 0.9098,                0.94788,                0.81857,                0.96225,                0.89296,                0.91959,                0.65403,                0.69201,                0.98628,                0.50167,                0.90697,             0.00038659,             0.00038659,             0.00038659
                     89,                 0.8034,                 1.1543,                0.58942,                0.91558,                0.98464,                 0.9098,                0.94788,                0.81857,                0.96225,                0.89296,                0.91959,                0.65403,                0.69201,                0.98628,                0.50167,                0.90697,             0.00038108,             0.00038108,             0.00038108
                     90,                0.81372,                 1.1347,                0.59501,                0.90735,                0.98464,                 0.9098,                0.94788,                0.81857,                0.96225,                0.89296,                0.91959,                0.65403,                0.69201,                0.98628,                0.50167,                0.90697,             0.00037534,             0.00037534,             0.00037534
                     91,                0.74001,                 1.0224,                 0.5658,                 0.9003,                0.98464,                 0.9098,                0.94788,                0.81857,                0.96225,                0.89296,                0.91959,                0.65403,                0.69201,                0.98628,                0.50167,                0.90697,             0.00036937,             0.00036937,             0.00036937
                     92,                0.71011,                 1.0052,                0.56196,                0.90569,                0.97047,                0.91264,                0.94851,                0.82963,                0.95262,                0.89453,                0.92009,                0.65538,                0.70037,                 1.0003,                0.50067,                0.89885,             0.00036317,             0.00036317,             0.00036317
                     93,                0.77956,                 1.0951,                0.61207,                0.90984,                0.97047,                0.91264,                0.94851,                0.82963,                0.95262,                0.89453,                0.92009,                0.65538,                0.70037,                 1.0003,                0.50067,                0.89885,             0.00035675,             0.00035675,             0.00035675
                     94,                0.75786,                  0.979,                0.56824,                0.90478,                0.97047,                0.91264,                0.94851,                0.82963,                0.95262,                0.89453,                0.92009,                0.65538,                0.70037,                 1.0003,                0.50067,                0.89885,              0.0003501,              0.0003501,              0.0003501
                     95,                0.73663,                 1.0468,                0.57266,                0.91982,                0.97047,                0.91264,                0.94851,                0.82963,                0.95262,                0.89453,                0.92009,                0.65538,                0.70037,                 1.0003,                0.50067,                0.89885,             0.00034323,             0.00034323,             0.00034323
                     96,                0.74304,                 1.0168,                0.59048,                0.92229,                0.98649,                0.92861,                0.95059,                 0.8367,                0.96286,                0.90916,                0.92238,                0.67053,                0.65807,                0.98965,                0.49482,                0.88521,             0.00033613,             0.00033613,             0.00033613
                     97,                0.70881,                0.99469,                 0.5231,                0.89027,                0.98649,                0.92861,                0.95059,                 0.8367,                0.96286,                0.90916,                0.92238,                0.67053,                0.65807,                0.98965,                0.49482,                0.88521,              0.0003288,              0.0003288,              0.0003288
                     98,                0.76335,                  1.056,                0.55792,                0.89185,                0.98649,                0.92861,                0.95059,                 0.8367,                0.96286,                0.90916,                0.92238,                0.67053,                0.65807,                0.98965,                0.49482,                0.88521,             0.00032125,             0.00032125,             0.00032125
                     99,                0.78798,                 1.1068,                0.56019,                0.92697,                0.98649,                0.92861,                0.95059,                 0.8367,                0.96286,                0.90916,                0.92238,                0.67053,                0.65807,                0.98965,                0.49482,                0.88521,             0.00031347,             0.00031347,             0.00031347
                    100,                0.72844,                 1.1062,                0.56062,                0.92262,                0.98305,                0.93834,                0.95107,                0.85128,                0.96503,                0.92293,                0.92683,                0.68243,                0.63564,                0.92936,                0.49277,                0.88003,             0.00030546,             0.00030546,             0.00030546
                    101,                0.67768,                 0.9322,                 0.5859,                0.92676,                0.98305,                0.93834,                0.95107,                0.85128,                0.96503,                0.92293,                0.92683,                0.68243,                0.63564,                0.92936,                0.49277,                0.88003,             0.00029723,             0.00029723,             0.00029723
                    102,                0.68149,                0.99039,                 0.5554,                0.92389,                0.98305,                0.93834,                0.95107,                0.85128,                0.96503,                0.92293,                0.92683,                0.68243,                0.63564,                0.92936,                0.49277,                0.88003,             0.00028591,             0.00028591,             0.00028591
                    103,                0.71327,                 1.0912,                0.57444,                0.93531,                0.98305,                0.93834,                0.95107,                0.85128,                0.96503,                0.92293,                0.92683,                0.68243,                0.63564,                0.92936,                0.49277,                0.88003,              0.0002746,              0.0002746,              0.0002746
                    104,                0.69746,                 0.9325,                0.52639,                0.88948,                0.98193,                0.93931,                0.95324,                0.86511,                0.96276,                0.92192,                 0.9275,                0.70011,                0.61706,                0.88793,                  0.465,                0.87337,             0.00026328,             0.00026328,             0.00026328
                    105,                0.68405,                0.98792,                0.51596,                0.90201,                0.98193,                0.93931,                0.95324,                0.86511,                0.96276,                0.92192,                 0.9275,                0.70011,                0.61706,                0.88793,                  0.465,                0.87337,             0.00025196,             0.00025196,             0.00025196
                    106,                0.66567,                0.96165,                0.50557,                0.89595,                0.98193,                0.93931,                0.95324,                0.86511,                0.96276,                0.92192,                 0.9275,                0.70011,                0.61706,                0.88793,                  0.465,                0.87337,             0.00024064,             0.00024064,             0.00024064
                    107,                0.70162,                 1.0019,                 0.5418,                0.90194,                0.98193,                0.93931,                0.95324,                0.86511,                0.96276,                0.92192,                 0.9275,                0.70011,                0.61706,                0.88793,                  0.465,                0.87337,             0.00022933,             0.00022933,             0.00022933
                    108,                0.74839,                 1.0171,                0.52837,                0.88425,                0.98601,                 0.9242,                0.95494,                0.86457,                0.97211,                0.91387,                 0.9347,                0.71231,                0.58834,                0.86259,                 0.4363,                0.86948,             0.00021801,             0.00021801,             0.00021801
                    109,                 0.6653,                0.91041,                0.48552,                0.87737,                0.98601,                 0.9242,                0.95494,                0.86457,                0.97211,                0.91387,                 0.9347,                0.71231,                0.58834,                0.86259,                 0.4363,                0.86948,             0.00020669,             0.00020669,             0.00020669
                    110,                0.71505,                 1.0793,                0.54915,                0.90597,                0.98601,                 0.9242,                0.95494,                0.86457,                0.97211,                0.91387,                 0.9347,                0.71231,                0.58834,                0.86259,                 0.4363,                0.86948,             0.00019537,             0.00019537,             0.00019537
                    111,                0.66235,                0.94525,                0.52459,                0.87511,                0.98601,                 0.9242,                0.95494,                0.86457,                0.97211,                0.91387,                 0.9347,                0.71231,                0.58834,                0.86259,                 0.4363,                0.86948,             0.00018406,             0.00018406,             0.00018406
                    112,                0.71925,                 1.0492,                0.54527,                0.89509,                0.96795,                0.94293,                0.95516,                0.87575,                 0.9576,                0.92678,                0.93413,                0.70922,                0.57972,                0.85123,                0.42523,                0.86776,             0.00017274,             0.00017274,             0.00017274
                    113,                0.67373,                 0.9775,                0.52371,                0.89354,                0.96795,                0.94293,                0.95516,                0.87575,                 0.9576,                0.92678,                0.93413,                0.70922,                0.57972,                0.85123,                0.42523,                0.86776,             0.00016142,             0.00016142,             0.00016142
                    114,                0.67307,                0.95497,                0.52161,                0.89236,                0.96795,                0.94293,                0.95516,                0.87575,                 0.9576,                0.92678,                0.93413,                0.70922,                0.57972,                0.85123,                0.42523,                0.86776,              0.0001501,              0.0001501,              0.0001501
                    115,                0.75555,                 1.0726,                0.55515,                0.90158,                0.96795,                0.94293,                0.95516,                0.87575,                 0.9576,                0.92678,                0.93413,                0.70922,                0.57972,                0.85123,                0.42523,                0.86776,             0.00013878,             0.00013878,             0.00013878
                    116,                0.67637,                0.96272,                0.52315,                0.92029,                0.97394,                0.94509,                0.95612,                0.87611,                0.95941,                0.92917,                 0.9352,                0.71455,                0.56279,                0.83077,                0.41363,                0.86275,             0.00012747,             0.00012747,             0.00012747
                    117,                0.60754,                0.91607,                0.48482,                0.88025,                0.97394,                0.94509,                0.95612,                0.87611,                0.95941,                0.92917,                 0.9352,                0.71455,                0.56279,                0.83077,                0.41363,                0.86275,             0.00011615,             0.00011615,             0.00011615
                    118,                0.58435,                0.86473,                0.46986,                0.87698,                0.97394,                0.94509,                0.95612,                0.87611,                0.95941,                0.92917,                 0.9352,                0.71455,                0.56279,                0.83077,                0.41363,                0.86275,             0.00010483,             0.00010483,             0.00010483
                    119,                0.65673,                0.91981,                0.51005,                0.87473,                0.97394,                0.94509,                0.95612,                0.87611,                0.95941,                0.92917,                 0.9352,                0.71455,                0.56279,                0.83077,                0.41363,                0.86275,             9.3514e-05,             9.3514e-05,             9.3514e-05
                    120,                0.66695,                0.95562,                0.51451,                0.90184,                0.97297,                0.94479,                0.95643,                0.88572,                0.95758,                0.92749,                0.93453,                0.71915,                0.54732,                0.80753,                0.41107,                0.85787,             8.2196e-05,             8.2196e-05,             8.2196e-05
                    121,                0.56531,                0.85065,                0.45349,                0.85345,                0.97297,                0.94479,                0.95643,                0.88572,                0.95758,                0.92749,                0.93453,                0.71915,                0.54732,                0.80753,                0.41107,                0.85787,             7.0878e-05,             7.0878e-05,             7.0878e-05
                    122,                 0.5911,                0.88536,                0.45781,                0.86935,                0.97297,                0.94479,                0.95643,                0.88572,                0.95758,                0.92749,                0.93453,                0.71915,                0.54732,                0.80753,                0.41107,                0.85787,             5.9561e-05,             5.9561e-05,             5.9561e-05
                    123,                0.58286,                0.84567,                0.44969,                0.86253,                0.97297,                0.94479,                0.95643,                0.88572,                0.95758,                0.92749,                0.93453,                0.71915,                0.54732,                0.80753,                0.41107,                0.85787,             4.8243e-05,             4.8243e-05,             4.8243e-05
                    124,                0.63592,                0.93445,                0.49282,                0.90442,                0.97598,                 0.9422,                 0.9583,                0.88438,                0.95686,                0.92582,                0.93502,                0.72298,                 0.5382,                0.79825,                 0.4081,                0.85507,             3.6925e-05,             3.6925e-05,             3.6925e-05
                    125,                0.59802,                0.89637,                0.47185,                0.88805,                0.97598,                 0.9422,                 0.9583,                0.88438,                0.95686,                0.92582,                0.93502,                0.72298,                 0.5382,                0.79825,                 0.4081,                0.85507,             2.5608e-05,             2.5608e-05,             2.5608e-05
